Letter,Pinky,Ring,Middle,Index,Thumb,X,Y,Z
K,286,300,520,486,405,0,0,0
K,288,300,520,485,403,0,0,0
K,289,300,519,484,404,0,0,0
K,291,301,520,482,403,12,13,18
K,291,301,520,480,402,7,8,10
K,292,301,520,479,402,3,3,3
K,292,301,519,478,403,0,0,0
K,294,302,519,478,403,0,0,0
K,295,303,518,478,405,10,13,16
K,295,304,517,478,405,9,9,12
K,295,302,517,477,404,3,3,4
K,296,301,516,475,403,1,0,0
K,296,301,515,473,405,0,0,0
K,296,303,516,475,407,4,6,7
K,292,304,516,475,407,10,11,16
K,293,304,515,474,406,4,4,5
K,293,304,516,474,406,3,3,3
K,294,304,516,472,404,0,0,0
K,295,302,515,470,397,0,0,0
K,298,304,515,472,398,11,13,18
K,298,303,514,471,403,7,7,10
K,298,304,512,470,408,3,3,3
K,297,302,510,470,408,0,0,0
K,297,302,510,470,408,0,0,0
K,299,303,512,470,408,12,14,18
K,299,304,512,470,409,9,10,14
K,298,303,512,470,408,3,3,4
K,300,305,513,469,408,0,0,0
K,298,302,513,468,408,0,0,0
K,299,304,513,470,410,6,8,10
K,300,305,513,470,409,10,11,14
K,300,304,513,470,408,3,3,4
K,299,305,513,470,408,0,0,0
K,300,304,512,469,408,0,0,0
K,300,304,512,470,408,3,6,7
K,299,304,513,469,407,10,11,15
K,300,304,511,468,407,3,4,5
K,300,304,511,468,406,0,0,0
K,300,303,511,466,407,0,0,0
K,300,305,510,468,408,8,11,14
K,300,305,511,468,407,11,12,16
K,301,303,510,468,407,3,3,4
K,300,304,510,468,407,2,2,1
K,300,304,508,468,407,0,0,0
K,301,305,509,468,408,4,6,8
K,303,304,508,469,408,10,11,16
K,301,304,509,470,408,3,3,5
K,300,304,508,469,408,0,0,0
K,300,303,508,468,407,0,0,0
K,301,304,509,469,407,3,4,6
D,291,293,316,492,358,12,14,18
D,291,292,316,492,358,11,12,17
D,290,292,316,491,359,9,10,14
D,291,292,315,491,358,7,7,10
D,290,291,317,490,359,4,3,5
D,291,292,317,491,359,3,3,3
D,291,292,317,489,359,2,2,2
D,293,292,317,489,357,2,2,2
D,292,291,316,489,356,0,0,0
D,290,291,318,488,357,0,0,0
D,292,292,317,488,357,0,0,0
D,291,292,317,488,357,0,0,0
D,292,293,318,488,358,0,0,0
D,291,293,318,488,358,8,11,15
D,292,293,319,487,358,12,14,19
D,293,294,315,488,358,11,12,17
D,293,294,318,488,358,10,10,14
D,292,293,319,488,357,7,8,11
D,292,293,318,488,357,4,4,5
D,293,294,318,487,358,3,3,4
D,293,293,319,487,358,3,3,3
D,294,294,319,486,357,2,2,3
D,291,295,318,486,356,2,1,0
D,292,293,318,485,357,0,0,0
D,293,293,318,485,356,0,0,0
D,292,293,319,486,356,0,0,0
D,292,293,319,485,357,0,0,0
D,292,293,318,485,357,0,0,0
D,292,294,317,485,357,0,1,2
D,294,295,319,484,359,7,10,13
D,293,295,320,486,358,12,14,19
D,293,295,321,485,359,12,14,20
D,293,295,320,485,358,10,12,17
D,294,295,320,485,358,10,11,15
D,293,295,320,484,357,8,8,11
D,293,293,320,485,357,5,5,7
D,293,294,321,485,356,3,3,4
D,294,295,320,484,356,3,3,3
D,293,295,319,484,358,3,3,3
D,292,294,321,484,358,2,2,2
D,294,296,321,484,358,0,0,0
D,292,294,320,483,357,0,0,0
D,292,294,320,483,358,0,0,0
D,292,294,320,483,357,0,0,0
D,292,295,320,483,357,0,0,0
D,293,293,320,483,358,0,0,0
D,293,296,320,483,357,0,0,0
D,293,294,321,483,358,5,7,10
D,293,296,321,483,358,11,14,18
D,294,296,322,483,357,12,14,19
Y,419,288,281,253,392,14,17,22
Y,418,289,283,256,392,12,13,19
Y,417,289,284,257,393,10,11,15
Y,417,288,285,258,394,7,7,9
Y,414,289,285,259,395,6,6,8
Y,413,289,287,259,393,1,1,1
Y,413,288,286,261,395,1,1,1
Y,411,289,285,262,395,1,1,0
Y,411,288,286,263,395,1,1,0
Y,410,288,284,263,394,0,0,0
Y,410,288,285,264,393,0,0,0
Y,409,288,283,265,394,0,0,0
Y,408,287,279,264,394,0,0,0
Y,408,289,278,266,393,0,0,0
Y,409,289,275,266,394,0,0,0
Y,408,289,276,267,394,3,4,4
Y,408,289,279,268,396,15,19,24
Y,407,290,282,268,397,16,19,25
Y,407,290,282,268,397,15,17,23
Y,407,288,286,268,398,12,13,18
Y,407,289,288,268,397,9,9,13
Y,406,290,287,268,398,6,6,8
Y,406,288,288,267,397,2,2,2
Y,405,288,286,268,397,1,1,1
Y,404,287,286,269,398,1,1,0
Y,404,290,286,269,397,0,0,0
Y,405,287,283,270,397,0,0,0
Y,404,288,282,271,397,0,0,0
Y,404,289,279,270,396,0,0,0
Y,404,287,276,271,396,0,0,0
Y,403,288,276,271,397,1,1,1
Y,403,290,280,272,398,11,15,20
Y,403,288,285,272,398,15,18,24
Y,404,290,286,272,398,14,16,21
Y,403,290,288,273,399,10,11,15
Y,403,288,288,272,399,8,8,11
Y,402,288,289,273,399,7,6,9
Y,402,288,287,273,400,1,0,1
Y,403,288,287,272,396,1,1,0
Y,403,290,288,273,400,1,1,0
Y,402,288,288,273,399,1,1,0
Y,402,288,286,273,399,0,0,0
Y,402,289,283,273,398,0,0,0
Y,402,288,281,274,399,0,0,0
Y,402,289,278,274,398,0,0,0
Y,401,289,279,273,397,0,0,0
Y,401,289,278,275,398,1,2,2
Y,401,289,279,275,398,3,6,8
Y,400,289,283,277,401,16,19,25
Y,400,290,283,277,401,16,18,24
Q,265,250,260,400,380,0,0,0
Q,264,251,258,398,380,1,1,0
Q,263,253,256,397,381,1,1,1
Q,261,251,254,396,382,0,0,0
Q,264,253,253,398,381,0,0,0
Q,264,252,253,399,381,4,6,7
Q,264,252,258,399,382,11,14,20
Q,265,253,267,400,382,7,7,11
Q,264,254,266,401,385,1,1,2
Q,263,254,263,397,381,0,0,0
Q,264,255,262,400,382,0,0,0
Q,265,253,261,399,382,1,1,0
Q,264,253,260,399,382,0,0,0
Q,265,253,259,401,382,0,0,0
Q,265,256,257,401,383,0,0,0
Q,267,255,258,402,384,7,8,10
Q,267,255,270,404,383,13,14,20
Q,265,254,269,404,384,3,3,5
Q,267,254,269,404,384,0,0,0
Q,266,255,266,404,384,0,0,0
Q,267,257,267,403,385,1,1,0
Q,266,255,268,402,385,0,0,0
Q,264,254,262,403,384,0,0,0
Q,265,253,259,403,384,0,0,0
Q,265,255,258,403,388,0,1,1
Q,265,257,265,405,385,11,16,22
Q,267,256,274,405,385,9,10,15
Q,267,257,272,405,385,4,4,6
Q,266,255,271,406,386,1,0,0
Q,267,256,271,406,385,0,0,0
Q,267,255,268,406,386,1,0,0
Q,267,256,268,406,385,1,0,0
Q,266,255,264,406,386,0,0,0
Q,265,255,262,407,386,0,0,0
Q,267,257,260,406,385,2,4,5
Q,267,256,266,410,386,12,16,23
Q,268,257,276,406,386,10,10,16
Q,268,256,276,406,386,3,3,5
Q,272,257,276,406,386,1,0,0
Q,268,255,271,406,386,0,0,0
Q,268,257,272,406,386,1,1,0
Q,267,258,272,406,385,0,0,0
Q,268,257,267,406,386,0,0,0
Q,268,255,262,406,386,0,0,0
Q,268,257,264,407,386,7,9,11
Q,268,259,271,407,386,19,24,31
Q,268,259,278,407,386,7,6,10
Q,268,256,275,407,388,1,0,0
Q,266,257,274,407,386,0,0,0
Q,269,258,275,407,385,0,0,0
W,285,476,482,477,337,2,2,2
W,282,475,481,476,336,0,0,0
W,281,474,481,477,338,0,0,0
W,280,474,482,477,340,1,2,4
W,280,474,483,478,341,12,14,19
W,279,474,482,477,341,11,12,15
W,287,472,476,474,339,8,8,10
W,289,474,484,475,339,3,3,3
W,290,474,486,476,340,2,2,1
W,285,473,486,475,341,0,0,0
W,285,472,487,475,342,0,0,0
W,286,473,487,476,341,0,0,0
W,288,473,487,476,341,13,14,18
W,288,473,488,476,342,10,11,15
W,286,472,488,476,339,7,7,10
W,286,472,488,475,342,3,2,3
W,285,472,488,476,342,2,2,2
W,283,472,489,475,342,0,0,0
W,286,470,487,476,346,0,0,0
W,288,470,487,477,345,0,0,0
W,288,470,488,476,346,13,15,19
W,289,472,486,477,346,11,12,16
W,289,469,488,476,347,7,8,11
W,288,469,488,476,346,3,3,4
W,288,469,488,475,345,2,2,2
W,286,467,487,475,345,0,0,0
W,285,467,487,475,346,0,0,0
W,283,467,488,475,345,0,0,0
W,283,467,490,476,345,12,15,18
W,282,466,489,475,345,12,14,19
W,282,466,490,475,343,7,8,11
W,281,466,490,475,345,3,3,3
W,284,466,489,475,345,3,2,3
W,283,466,489,475,345,0,0,0
W,281,465,489,474,344,0,0,0
W,282,465,489,474,343,0,0,0
W,282,465,490,476,344,7,9,11
W,283,465,490,475,346,11,12,17
W,284,465,489,474,345,8,8,11
W,286,466,490,475,344,3,3,4
W,284,466,490,474,346,3,2,2
W,283,466,489,474,346,0,0,0
W,284,468,489,474,344,0,0,0
W,284,464,490,476,345,0,0,0
W,284,464,489,475,347,12,14,17
W,285,463,490,475,346,11,12,16
W,286,464,490,475,344,7,8,11
W,286,463,490,475,347,3,3,3
W,288,463,490,474,347,2,2,2
W,285,463,490,474,344,0,0,0
T,270,283,278,307,364,5,5,7
T,271,285,279,307,362,6,5,7
T,272,285,278,307,365,4,3,5
T,270,286,280,308,366,2,2,3
T,272,286,280,309,366,2,2,2
T,272,286,278,309,368,2,2,1
T,272,286,278,309,367,2,1,1
T,272,286,279,309,367,1,0,0
T,273,286,278,308,367,0,0,0
T,272,286,276,309,368,0,0,0
T,272,285,276,309,368,0,0,0
T,272,286,277,309,366,0,0,0
T,273,286,274,309,367,0,0,0
T,275,286,274,310,366,0,0,0
T,274,287,272,310,369,0,0,0
T,275,287,275,310,368,10,12,15
T,276,287,277,311,369,11,13,17
T,275,288,279,312,370,11,12,16
T,275,287,280,311,369,9,10,14
T,276,287,281,311,368,7,8,11
T,275,286,281,311,368,5,6,8
T,276,286,280,311,368,2,2,3
T,276,287,281,311,369,2,2,2
T,276,287,281,312,368,2,2,1
T,276,287,280,311,368,2,2,1
T,275,287,281,312,368,2,1,1
T,276,286,281,311,369,0,0,0
T,276,287,280,311,368,0,0,0
T,275,287,278,312,368,0,0,0
T,276,287,275,311,371,0,0,0
T,275,285,273,312,369,0,0,0
T,275,287,274,312,369,0,0,0
T,276,287,275,313,369,7,9,12
T,277,289,278,314,369,11,13,17
T,278,289,279,314,368,10,12,16
T,278,289,281,313,369,10,10,15
T,278,287,282,313,369,8,9,12
T,276,288,282,313,370,7,8,11
T,277,286,284,315,369,6,6,9
T,276,288,284,313,368,3,3,4
T,276,288,282,314,369,2,2,3
T,276,288,282,314,370,2,2,2
T,278,288,283,313,369,2,2,2
T,277,287,281,314,369,1,1,1
T,276,287,281,314,370,1,0,0
T,276,287,280,314,368,0,0,0
T,276,288,280,315,369,0,0,0
T,277,288,279,314,368,0,0,0
T,277,287,277,315,371,0,0,0
T,277,287,276,315,370,0,0,0
A,276,299,309,295,399,0,0,0
A,277,300,306,294,400,0,2,2
A,278,301,317,296,400,13,14,20
A,278,299,317,296,400,6,7,9
A,278,300,315,297,399,0,0,0
A,278,300,315,299,400,1,1,0
A,277,300,309,296,399,0,0,0
A,278,300,305,298,398,2,3,3
A,281,301,313,301,400,16,18,22
A,279,300,318,299,399,7,7,9
A,279,301,317,299,399,0,0,0
A,278,301,316,299,399,1,0,0
A,278,299,311,298,399,0,0,0
A,279,300,306,299,399,0,0,0
A,279,302,313,299,400,15,17,21
A,280,300,319,300,399,8,7,11
A,279,300,317,300,400,0,0,0
A,279,300,315,299,399,1,0,0
A,279,300,310,299,399,0,0,0
A,280,300,306,299,399,0,0,0
A,279,301,310,297,399,12,15,19
A,279,301,319,300,400,9,10,13
A,279,301,320,299,399,3,2,2
A,279,302,316,299,399,0,0,0
A,280,300,313,299,398,0,0,0
A,279,301,309,304,399,0,0,0
A,281,301,308,300,399,5,7,9
A,280,302,316,302,398,14,15,20
A,281,302,321,301,399,6,6,8
A,281,301,319,300,398,0,0,0
A,280,302,318,301,399,0,0,0
A,278,305,312,300,398,0,0,0
A,280,302,310,299,398,0,0,0
A,281,302,312,301,399,9,12,15
A,280,302,321,302,399,11,11,15
A,279,301,320,300,399,3,2,2
A,279,303,320,301,398,1,0,0
A,281,301,318,300,399,0,0,0
A,280,302,311,299,398,0,0,0
A,279,302,307,301,398,0,0,0
A,282,303,314,303,399,15,17,21
A,280,302,320,299,399,9,9,12
A,280,301,319,301,399,1,0,0
A,280,303,319,302,399,0,0,0
A,279,301,316,300,399,0,0,0
A,280,301,310,300,398,0,0,0
A,280,302,310,300,398,6,8,11
A,281,301,317,301,399,13,14,20
A,281,302,320,301,398,6,6,8
A,280,301,319,302,399,0,0,0
U,279,306,497,481,357,14,16,19
U,279,307,496,481,357,12,13,18
U,278,306,496,481,357,4,3,4
U,277,307,496,482,357,3,3,3
U,278,307,495,481,355,0,0,0
U,277,306,495,480,357,0,0,0
U,279,306,496,481,358,0,0,0
U,279,307,495,480,358,23,27,32
U,279,306,495,481,358,10,9,13
U,279,309,495,480,359,3,3,3
U,278,308,495,479,357,2,2,1
U,277,307,494,480,357,0,0,0
U,276,308,495,480,357,0,0,0
U,279,308,495,480,358,15,16,20
U,278,309,495,480,357,10,11,15
U,278,309,494,478,356,0,0,0
U,278,307,494,478,357,0,0,0
U,278,309,495,477,357,0,0,0
U,278,308,491,477,358,0,1,0
U,279,309,494,477,358,14,15,20
U,278,309,494,477,358,9,9,12
U,276,308,493,476,356,2,2,1
U,278,308,492,474,358,0,0,0
U,277,307,493,474,357,0,0,0
U,277,310,493,474,358,14,16,21
U,279,309,493,474,358,9,9,12
U,278,309,492,474,357,0,0,0
U,278,309,491,473,357,0,0,0
U,280,309,492,474,358,9,12,15
U,280,309,492,473,358,11,12,16
U,280,309,492,472,358,3,2,2
U,279,309,491,471,357,0,0,0
U,280,308,491,472,358,0,0,0
U,281,309,491,473,357,12,13,18
U,280,308,491,472,358,3,2,3
U,279,309,492,469,357,0,0,0
U,280,308,490,471,360,0,0,0
U,280,309,491,471,358,11,11,15
U,280,308,491,471,357,3,3,3
U,280,309,491,470,357,0,0,0
U,280,309,491,471,358,13,15,19
U,280,310,490,471,358,9,9,12
U,279,310,490,470,358,3,2,3
U,279,308,490,469,357,0,0,0
U,280,310,490,470,358,13,15,20
U,280,310,490,469,358,3,3,4
U,279,309,490,468,358,0,0,0
U,279,310,490,469,357,0,0,0
U,280,310,489,468,356,10,11,15
U,281,309,489,468,357,3,3,3
X,272,262,252,338,319,2,2,3
X,274,262,253,339,319,2,1,1
X,272,262,251,339,319,1,1,0
X,271,262,251,338,319,0,0,0
X,273,262,251,339,318,0,0,0
X,272,262,250,338,316,0,0,0
X,273,263,251,339,316,2,2,4
X,273,264,254,341,318,15,17,22
X,273,263,255,341,318,15,17,22
X,272,264,258,340,317,10,11,15
X,275,264,258,340,317,7,7,10
X,273,264,258,339,316,2,2,2
X,274,266,260,341,317,1,1,1
X,273,265,257,340,317,1,0,0
X,275,263,258,342,315,0,0,0
X,274,264,257,342,315,0,0,0
X,274,264,256,343,317,0,0,0
X,273,263,254,345,316,0,0,0
X,275,265,255,345,317,6,9,12
X,275,266,261,345,318,16,18,24
X,275,265,264,344,318,14,15,20
X,275,266,265,345,318,9,9,12
X,277,266,264,346,319,4,3,4
X,276,267,265,346,320,2,1,1
X,276,267,265,343,320,1,1,0
X,274,266,264,346,320,0,0,0
X,276,267,261,344,319,0,0,0
X,275,265,260,345,320,0,0,0
X,276,267,262,344,319,0,0,0
X,276,267,258,343,319,2,2,2
X,277,269,264,344,319,16,19,24
X,276,269,266,343,319,15,17,23
X,276,269,269,343,319,12,13,19
X,276,268,269,344,320,10,11,15
X,276,268,270,343,319,5,4,5
X,276,268,268,342,320,1,1,1
X,277,269,270,340,319,2,1,1
X,276,269,268,343,319,1,1,0
X,275,268,266,340,321,0,0,0
X,277,268,265,337,320,0,0,0
X,276,269,263,339,318,0,0,0
X,276,269,260,339,320,0,0,0
X,276,269,259,340,319,0,0,0
X,277,269,261,340,319,2,2,2
X,278,269,262,341,320,11,15,20
X,278,269,266,340,321,15,18,23
X,279,270,269,340,321,15,16,22
X,277,269,270,341,322,10,10,14
X,275,270,272,341,320,7,8,11
X,278,270,272,341,320,5,5,6
R,288,280,435,441,348,0,2,3
R,289,281,435,441,348,11,13,18
R,288,281,436,439,349,13,15,19
R,289,282,436,438,349,8,8,11
R,289,280,435,439,348,6,6,7
R,290,281,435,440,349,3,3,4
R,290,282,436,440,349,2,3,3
R,288,278,439,441,348,0,0,0
R,285,280,435,439,349,0,0,0
R,282,280,435,438,348,0,0,0
R,282,280,435,438,348,0,0,0
R,284,281,431,435,349,0,0,0
R,284,282,430,435,349,10,13,16
R,284,281,429,434,350,13,14,20
R,286,281,426,431,350,11,12,16
R,285,282,426,432,351,9,9,12
R,287,281,426,432,351,7,7,10
R,285,281,426,432,352,3,3,5
R,285,281,428,432,351,3,3,4
R,286,281,427,432,350,2,3,3
R,289,280,426,431,351,3,2,3
R,286,281,426,430,350,1,0,0
R,286,281,425,431,351,0,0,0
R,286,282,425,432,350,0,0,0
R,287,281,426,432,351,0,0,0
R,284,281,425,432,350,0,0,0
R,284,281,423,433,354,0,0,0
R,285,282,425,433,350,0,0,0
R,285,282,425,433,351,0,0,0
R,286,282,426,432,351,0,0,0
R,287,283,426,434,352,7,10,12
R,288,282,425,433,352,5,7,10
R,288,283,425,433,351,12,14,18
R,289,282,425,434,352,11,14,17
R,288,282,426,434,351,12,13,18
R,288,283,425,432,352,12,14,19
R,289,283,425,434,352,12,13,18
R,288,282,425,433,352,12,13,18
R,289,282,423,434,352,12,13,17
R,288,283,425,433,352,11,12,16
R,289,282,425,436,353,9,10,14
R,288,284,429,438,353,9,10,14
R,289,285,428,437,354,10,10,14
R,288,283,428,437,353,9,9,13
R,291,283,427,437,353,9,10,14
R,289,283,427,436,353,9,9,13
R,290,286,427,436,353,8,9,12
R,289,284,428,436,352,11,11,16
R,289,284,427,435,352,8,9,12
R,289,284,427,436,353,9,9,13
H,292,299,504,438,325,0,0,0
H,294,299,506,440,325,0,0,0
H,292,297,504,440,326,1,0,0
H,292,298,503,439,327,0,0,0
H,293,298,503,439,326,0,0,0
H,293,297,503,440,327,0,0,0
H,292,298,504,441,327,5,7,9
H,293,300,503,440,329,16,22,31
H,293,299,502,441,328,12,15,23
H,292,296,503,441,329,5,5,8
H,292,297,502,440,328,2,1,3
H,295,297,502,441,327,0,0,0
H,293,297,502,440,328,0,0,0
H,293,299,501,442,330,1,0,0
H,293,298,501,440,327,0,0,0
H,292,298,500,440,328,0,0,0
H,292,298,498,441,325,0,0,0
H,290,300,496,445,319,8,9,12
H,293,301,501,449,323,15,18,25
H,294,301,499,448,324,10,11,17
H,293,299,501,444,323,3,3,4
H,294,301,500,443,322,0,0,0
H,295,299,499,443,325,0,0,0
H,294,297,498,443,324,0,0,0
H,294,296,499,443,324,0,0,0
H,292,296,496,442,325,0,0,0
H,293,297,496,442,322,0,0,0
H,294,297,494,441,325,6,9,10
H,295,298,493,442,326,16,22,31
H,295,299,493,440,329,10,12,17
H,295,297,492,441,326,2,1,2
H,295,298,492,441,326,0,0,0
H,294,297,492,441,327,0,0,0
H,293,298,488,441,327,1,0,0
H,296,296,489,440,326,0,0,0
H,295,298,488,441,325,0,0,0
H,296,299,488,441,326,7,9,11
H,295,298,490,439,327,17,20,28
H,295,299,488,439,327,20,24,34
H,296,298,488,439,326,2,1,1
H,294,300,488,439,324,0,0,0
H,294,299,487,439,325,0,0,0
H,295,298,488,439,325,0,0,0
H,295,299,488,439,325,0,0,0
H,294,298,487,437,325,0,0,0
H,296,299,487,438,325,7,9,11
H,296,301,487,438,328,16,19,28
H,295,300,486,438,326,6,7,10
H,295,299,486,437,327,1,0,1
H,296,300,486,437,326,0,0,0
V,304,313,488,467,363,14,15,19
V,303,308,486,466,362,1,1,0
V,303,309,487,465,362,1,0,0
V,304,308,487,466,363,0,0,0
V,302,309,488,467,364,10,13,16
V,302,309,488,466,363,3,3,3
V,302,310,488,465,363,0,0,0
V,301,309,487,465,363,0,0,0
V,302,310,489,467,363,2,4,4
V,301,311,488,467,365,11,11,15
V,300,309,487,467,364,2,1,1
V,302,309,487,465,364,0,0,0
V,300,309,486,466,364,0,0,0
V,301,310,487,465,363,0,0,0
V,301,309,488,467,365,10,13,17
V,302,310,487,465,364,5,5,7
V,302,310,487,466,363,0,0,0
V,305,309,487,466,364,0,0,0
V,302,309,487,465,363,1,0,0
V,302,309,486,465,363,0,0,0
V,302,309,486,465,363,0,0,0
V,303,308,485,465,364,11,14,18
V,302,309,486,466,362,8,7,10
V,303,310,487,465,362,3,3,3
V,304,309,485,464,363,1,0,0
V,304,308,485,463,362,0,0,0
V,302,308,485,464,362,0,0,0
V,304,306,485,464,362,0,0,0
V,304,308,486,465,361,0,0,0
V,304,308,486,465,362,0,0,0
V,304,307,485,465,361,0,0,0
V,304,307,485,464,361,7,9,13
V,304,307,486,463,361,13,15,20
V,302,307,486,464,361,12,13,17
V,303,307,485,463,362,6,6,8
V,304,307,485,463,361,5,5,6
V,304,307,486,465,362,3,2,3
V,304,306,485,463,360,0,0,0
V,305,308,485,463,360,0,0,0
V,303,307,486,464,360,1,1,1
V,305,308,485,464,361,2,2,2
V,304,307,485,464,360,2,2,1
V,304,308,485,464,361,2,2,2
V,304,307,486,464,361,2,2,2
V,304,308,485,463,360,2,2,2
V,304,307,485,463,360,2,2,2
V,304,306,485,463,361,2,2,2
V,304,307,485,463,360,2,2,2
V,304,307,485,463,360,2,2,2
V,304,307,485,463,360,2,1,1
E,392,447,483,484,387,10,13,18
E,392,455,480,477,404,2,2,2
E,223,222,201,215,349,2,2,2
E,223,226,193,207,293,3,2,3
E,229,229,194,211,292,2,2,2
E,231,234,198,214,300,0,0,0
E,234,237,202,216,305,0,0,0
E,236,239,203,219,306,0,0,0
E,238,241,207,219,310,5,7,9
E,241,243,207,221,312,13,14,18
E,242,245,210,222,314,11,12,15
E,242,244,210,223,316,8,8,10
E,241,246,212,225,315,4,3,4
E,242,247,213,226,318,3,3,3
E,242,248,215,228,318,2,1,1
E,243,248,214,227,317,0,0,0
E,243,249,215,227,317,0,0,0
E,244,253,216,226,317,0,0,0
E,245,251,217,229,318,8,11,14
E,245,251,219,229,322,24,27,32
E,246,252,219,230,321,11,11,15
E,246,251,220,230,322,5,4,6
E,246,253,220,234,321,2,3,3
E,247,252,219,230,321,2,2,2
E,247,252,219,228,320,0,0,0
E,247,252,220,230,320,0,0,0
E,248,252,219,231,319,0,0,0
E,248,253,220,231,321,3,5,6
E,250,253,221,233,325,12,14,19
E,248,254,222,233,324,11,12,15
E,250,255,222,233,325,8,8,10
E,250,256,222,233,327,4,3,4
E,250,256,221,234,325,2,2,2
E,251,256,222,234,326,2,1,1
E,250,256,223,235,324,0,0,0
E,251,257,223,234,323,0,0,0
E,250,256,223,235,324,0,0,0
E,251,256,224,235,326,10,13,15
E,251,258,225,237,326,13,14,19
E,251,257,226,237,327,10,10,14
E,251,257,226,237,329,6,5,6
E,253,258,226,236,327,3,2,3
E,253,258,225,237,327,3,2,2
E,252,257,225,236,327,0,0,0
E,253,257,225,236,326,0,0,0
E,252,257,225,236,326,0,0,0
E,253,258,227,239,327,3,5,6
E,254,259,227,238,328,13,15,19
E,254,259,229,238,329,10,10,14
E,254,258,228,237,330,6,6,7
P,304,305,385,459,389,0,0,0
P,306,306,390,460,389,20,24,33
P,305,304,392,460,390,7,7,12
P,305,304,391,460,390,0,0,0
P,304,305,392,461,390,0,0,0
P,303,303,389,459,391,0,0,0
P,304,305,387,457,390,0,0,0
P,304,304,384,457,391,2,5,6
P,305,305,388,457,391,21,26,36
P,304,305,395,457,392,6,7,10
P,303,304,393,458,392,0,0,0
P,304,302,466,459,393,0,0,0
P,302,304,458,460,393,0,0,0
P,303,303,451,460,394,0,0,0
P,304,303,448,461,394,4,6,8
P,303,306,412,460,393,17,21,32
P,298,305,417,460,392,4,4,7
P,299,305,416,460,393,0,0,0
P,290,304,417,460,393,0,0,0
P,292,303,418,459,393,0,0,0
P,292,302,417,460,393,0,0,0
P,294,305,418,460,392,7,9,14
P,293,305,420,461,393,13,15,22
P,295,304,418,460,393,4,3,5
P,294,304,417,459,393,0,0,0
P,294,303,418,460,394,0,0,0
P,292,304,416,460,393,0,0,0
P,293,304,417,457,393,0,0,0
P,294,303,416,460,393,7,10,11
P,295,305,417,461,393,15,19,28
P,296,304,418,461,393,3,3,4
P,294,303,419,460,393,0,0,0
P,295,304,417,461,394,0,0,0
P,295,304,417,460,394,0,0,0
P,296,304,416,459,396,0,0,0
P,295,304,415,459,394,0,0,0
P,296,305,415,459,394,19,25,35
P,296,305,417,459,393,15,18,26
P,296,303,415,458,394,5,5,8
P,295,303,415,458,393,0,0,0
P,295,303,414,458,393,0,0,0
P,296,305,414,457,393,0,0,0
P,294,304,412,457,393,0,0,0
P,296,303,413,457,393,0,0,0
P,297,304,414,458,393,11,16,24
P,297,305,415,458,392,18,22,32
P,298,303,415,457,393,10,12,18
P,296,302,415,457,393,2,2,3
P,297,306,414,457,393,0,0,0
P,297,303,413,456,393,0,0,0
I,417,277,287,238,306,11,12,16
I,416,276,287,238,307,3,3,4
I,416,275,290,239,307,0,0,0
I,415,276,289,239,308,0,0,0
I,416,276,290,240,309,11,12,17
I,415,276,289,240,309,3,3,3
I,414,276,290,241,308,0,0,0
I,415,276,290,241,310,0,0,0
I,415,278,291,242,310,10,10,15
I,415,278,291,242,310,3,3,3
I,415,276,291,241,309,0,0,0
I,414,277,291,244,310,3,5,6
I,414,277,291,243,310,7,7,10
I,414,276,293,243,312,2,2,2
I,414,276,292,243,310,0,0,0
I,415,277,295,244,312,11,13,18
I,415,277,293,245,311,6,5,6
I,414,277,295,245,311,2,1,0
I,414,276,293,245,310,0,0,0
I,414,278,295,246,313,11,12,16
I,414,277,294,247,311,3,3,3
I,413,278,295,246,311,0,0,0
I,413,278,295,247,312,0,0,0
I,413,278,296,248,313,10,11,15
I,413,278,295,248,311,3,2,3
I,413,277,295,248,314,0,0,0
I,413,278,296,248,313,3,5,6
I,413,277,297,249,313,9,9,13
I,413,277,298,249,313,2,2,3
I,413,276,296,250,314,0,0,0
I,413,277,298,250,313,0,0,0
I,413,278,299,251,318,10,11,15
I,413,278,299,251,314,2,2,3
I,412,278,299,251,314,0,0,0
I,412,277,299,252,312,0,0,0
I,412,279,300,253,315,12,13,18
I,412,278,300,252,316,5,4,5
I,412,278,301,253,316,1,0,0
I,412,277,299,252,314,0,0,0
I,412,279,301,253,316,5,8,10
I,412,278,300,253,316,9,10,14
I,409,278,301,254,316,3,2,3
I,409,277,301,254,314,0,0,0
I,410,278,300,254,315,0,0,0
I,410,279,301,255,316,9,12,15
I,410,278,302,255,316,10,10,15
I,410,278,302,254,317,3,3,4
I,410,279,302,254,314,0,0,0
I,410,279,301,255,315,0,0,0
I,410,280,303,258,318,10,12,15
L,262,253,247,466,356,2,2,2
L,262,252,249,465,356,0,0,0
L,262,253,250,466,357,0,0,0
L,263,254,253,466,358,13,15,20
L,263,255,256,469,358,5,5,6
L,265,255,255,470,358,2,2,2
L,265,256,255,469,357,0,0,0
L,266,255,255,470,358,0,0,0
L,267,257,257,471,361,12,14,20
L,266,257,260,469,359,7,8,10
L,267,256,258,469,359,3,2,3
L,266,256,260,467,358,0,0,0
L,268,256,259,467,357,0,0,0
L,268,258,262,466,359,13,15,19
L,268,257,264,467,359,9,10,13
L,268,258,263,467,359,3,3,3
L,269,257,262,467,360,0,0,0
L,268,257,262,467,358,0,0,0
L,270,259,263,467,359,7,9,12
L,270,258,265,469,360,11,12,17
L,269,258,266,468,360,4,3,5
L,269,258,266,465,360,2,2,2
L,270,258,262,461,364,0,0,0
L,270,258,263,461,365,0,0,0
L,272,258,267,463,366,13,14,19
L,271,259,268,463,366,7,8,11
L,271,258,267,463,366,2,2,2
L,271,258,269,462,365,0,0,0
L,271,259,265,461,365,0,0,0
L,272,259,266,462,366,12,15,18
L,272,260,269,460,367,10,11,14
L,270,259,269,460,368,3,3,3
L,271,259,269,461,367,0,0,0
L,271,259,268,463,368,0,0,0
L,271,259,269,464,367,7,9,12
L,272,261,271,464,369,11,12,16
L,272,259,269,463,368,4,3,5
L,273,261,270,463,368,2,2,2
L,272,260,269,463,368,0,0,0
L,272,259,268,463,368,0,0,0
L,273,260,270,463,368,13,14,19
L,273,260,271,462,369,7,7,9
L,272,260,272,461,367,2,2,3
L,272,259,270,462,368,0,0,0
L,272,259,269,462,367,0,0,0
L,272,261,271,462,368,13,15,19
L,272,261,271,460,369,9,10,13
L,272,261,272,460,368,2,2,3
L,272,260,271,460,368,0,0,0
L,273,260,269,461,367,0,0,0
NONE,417,480,495,497,379,14,16,21
NONE,417,480,495,497,381,13,15,20
NONE,416,480,495,497,381,11,12,16
NONE,416,480,494,495,383,10,10,14
NONE,416,479,493,495,385,8,7,10
NONE,417,479,495,494,386,7,7,9
NONE,416,478,494,494,388,3,3,4
NONE,415,476,493,493,389,3,3,3
NONE,416,478,493,493,388,3,3,3
NONE,415,477,493,492,388,3,3,3
NONE,416,478,491,493,387,3,3,3
NONE,415,477,490,494,383,3,2,1
NONE,416,477,487,493,381,0,0,0
NONE,417,477,489,494,381,0,0,0
NONE,417,475,489,493,382,0,0,0
NONE,417,475,489,494,381,0,0,0
NONE,417,476,489,494,381,0,0,0
NONE,417,475,489,493,381,0,0,0
NONE,416,475,489,493,381,0,0,0
NONE,417,475,489,493,382,0,0,0
NONE,417,475,489,492,382,0,1,2
NONE,417,475,489,492,383,12,14,18
NONE,418,475,489,492,386,14,16,20
NONE,417,475,489,492,387,14,16,21
NONE,418,475,489,491,385,13,14,19
NONE,417,474,488,491,386,12,12,17
NONE,417,474,488,491,385,11,12,16
NONE,416,473,488,491,387,7,7,9
NONE,417,473,488,490,386,4,3,5
NONE,416,473,487,491,387,3,3,4
NONE,416,472,488,491,387,3,3,3
NONE,417,473,488,491,386,3,2,2
NONE,416,472,487,490,387,2,0,0
NONE,416,473,486,490,387,0,0,0
NONE,416,471,487,491,386,0,0,0
NONE,416,472,487,491,386,0,0,0
NONE,416,470,487,490,385,0,0,0
NONE,416,471,486,490,384,0,0,0
NONE,416,472,486,490,385,11,14,17
NONE,415,471,485,490,388,14,16,21
NONE,416,472,486,489,388,12,13,18
NONE,416,471,486,489,388,8,9,12
NONE,415,471,486,488,388,7,6,8
NONE,416,470,486,488,387,3,3,3
NONE,415,471,486,488,389,3,3,3
NONE,415,470,485,487,387,0,0,0
NONE,415,470,485,487,386,0,0,0
NONE,415,469,485,486,387,0,0,0
NONE,415,469,485,485,387,0,0,0
NONE,416,471,486,486,387,13,16,19
NONE,415,468,486,484,389,0,0,0
NONE,415,468,486,484,390,0,0,0
NONE,415,468,486,484,389,0,0,0
NONE,415,469,485,485,389,0,0,0
NONE,416,468,486,485,390,13,15,19
NONE,398,445,473,457,399,14,15,20
NONE,347,375,408,398,394,12,13,18
NONE,361,391,417,407,393,8,8,11
NONE,363,388,418,407,395,3,4,4
NONE,364,391,418,408,394,3,3,3
NONE,367,397,416,404,390,0,0,0
NONE,363,393,408,400,384,0,0,0
NONE,364,394,411,401,389,0,0,0
NONE,368,414,429,427,400,0,0,0
NONE,360,411,423,429,400,12,15,19
NONE,360,409,420,430,399,14,16,21
NONE,361,410,421,431,399,10,11,15
NONE,362,410,421,431,399,8,8,12
NONE,362,410,421,431,400,3,3,5
NONE,362,410,421,431,399,3,3,3
NONE,362,410,421,431,398,0,0,0
NONE,362,409,421,431,399,0,0,0
NONE,363,412,422,431,399,0,0,0
NONE,363,412,423,431,399,0,0,0
NONE,364,412,423,431,400,14,16,21
NONE,364,415,423,430,400,12,14,20
NONE,364,412,423,432,400,8,8,12
NONE,364,412,423,432,401,3,3,4
NONE,364,412,426,431,401,3,3,3
NONE,364,412,423,431,399,0,0,0
NONE,364,412,423,431,400,0,0,0
NONE,364,412,423,430,400,0,0,0
NONE,364,412,423,431,401,0,0,0
NONE,365,412,423,432,401,14,16,20
NONE,365,412,424,432,401,13,14,19
NONE,365,413,424,432,401,9,9,13
NONE,364,412,423,432,400,5,4,7
NONE,365,412,424,432,401,3,3,3
NONE,365,413,423,431,400,0,0,0
NONE,365,412,423,431,401,0,0,0
NONE,365,412,423,431,400,0,0,0
NONE,365,412,424,432,401,0,0,0
NONE,366,412,424,432,402,9,12,15
NONE,365,412,424,432,401,14,16,21
NONE,366,413,424,432,401,11,12,16
NONE,366,412,424,432,401,7,7,10
NONE,366,412,423,431,401,3,3,4
NONE,365,412,424,431,401,3,3,4
NONE,366,412,424,431,400,0,0,0
NONE,366,412,423,431,400,0,0,0
M,268,271,288,268,292,1,0,0
M,268,272,287,267,292,0,0,0
M,269,272,289,269,294,3,3,4
M,269,272,291,269,296,11,12,16
M,271,272,290,269,296,6,7,8
M,270,273,291,269,296,2,2,2
M,270,271,289,270,295,0,0,0
M,270,274,289,270,295,0,0,0
M,271,273,289,271,296,11,14,17
M,271,272,291,271,296,9,9,13
M,270,273,291,271,298,3,2,3
M,272,274,293,272,299,2,2,2
M,270,272,290,271,296,0,0,0
M,272,273,290,272,297,1,1,1
M,272,273,294,272,298,12,13,18
M,272,274,294,273,297,6,6,8
M,273,274,294,274,298,3,2,3
M,272,273,295,272,297,0,0,0
M,272,273,293,273,298,0,0,0
M,273,273,292,273,299,2,4,5
M,274,274,294,274,299,10,11,16
M,274,272,294,274,299,4,3,4
M,274,273,294,273,299,2,2,2
M,273,274,293,274,299,0,0,0
M,274,274,293,275,301,0,0,0
M,275,275,295,275,299,12,14,18
M,273,275,296,275,300,8,9,12
M,274,276,294,276,299,3,2,3
M,273,274,294,276,301,2,1,1
M,274,274,293,275,299,0,0,0
M,273,275,293,276,299,1,2,2
M,275,275,294,276,300,11,13,17
M,275,274,296,276,300,6,7,9
M,275,275,295,276,301,2,2,2
M,273,276,294,275,299,0,0,0
M,274,275,293,276,298,0,0,0
M,276,274,295,276,300,12,14,18
M,275,275,296,278,300,9,10,14
M,274,274,297,276,302,3,2,3
M,275,276,297,277,300,1,0,0
M,272,274,294,277,301,0,0,0
M,274,278,295,277,300,6,8,10
M,276,276,297,277,301,11,13,17
M,274,276,297,278,301,3,2,3
M,275,275,295,277,302,2,2,2
M,273,276,295,278,301,0,0,0
M,275,279,294,279,300,0,0,0
M,276,276,297,278,302,12,13,18
M,275,276,299,279,303,7,7,10
M,274,274,298,279,301,2,2,2
B,420,459,506,489,288,0,0,0
B,419,459,507,490,288,0,0,0
B,420,459,507,490,290,2,4,5
B,420,459,507,489,290,11,13,17
B,420,459,506,488,290,11,13,18
B,420,459,506,489,291,11,13,18
B,419,458,507,488,294,10,12,17
B,420,458,505,489,293,8,9,14
B,417,455,506,488,294,8,8,12
B,417,456,508,487,297,6,6,8
B,418,456,506,488,298,3,3,4
B,418,457,507,488,296,3,3,3
B,418,457,506,488,297,2,3,3
B,418,457,506,487,297,2,2,3
B,418,458,505,488,298,1,0,0
B,418,457,505,488,300,0,0,0
B,418,456,504,487,298,0,0,0
B,418,456,504,487,299,0,0,0
B,416,456,503,486,298,0,0,0
B,417,455,504,487,299,0,0,0
B,417,455,503,487,300,7,10,13
B,417,456,503,486,300,11,13,18
B,417,456,502,486,299,11,12,17
B,417,455,501,483,300,8,8,11
B,417,453,501,483,300,6,7,10
B,417,454,501,482,299,3,3,4
B,417,454,501,482,299,3,2,3
B,416,453,501,481,298,0,0,0
B,416,453,503,480,297,0,0,0
B,416,452,499,481,297,0,0,0
B,417,452,497,482,298,0,0,0
B,417,453,497,482,298,7,10,14
B,417,452,497,481,299,11,12,17
B,417,453,497,482,298,8,9,13
B,415,452,497,482,301,4,4,5
B,415,452,497,482,300,3,2,3
B,415,452,497,481,300,2,3,3
B,414,451,495,481,299,0,0,0
B,413,451,496,481,299,0,0,0
B,412,451,497,481,300,0,0,0
B,413,452,498,482,301,9,12,15
B,413,453,498,482,302,11,13,18
B,414,452,497,481,302,8,8,12
B,413,452,496,482,302,3,3,4
B,410,451,496,481,301,2,2,3
B,411,451,495,480,300,0,0,0
B,412,451,495,479,300,0,0,0
B,411,451,495,478,302,0,0,0
B,411,451,495,479,304,8,11,14
B,412,451,494,478,303,10,11,16
F,428,473,507,330,359,8,8,12
F,427,471,506,330,359,2,2,2
F,426,470,505,332,357,0,0,0
F,427,469,505,332,359,12,14,19
F,426,469,503,332,359,6,6,8
F,425,467,503,333,358,2,1,0
F,423,464,501,332,355,0,0,0
F,423,465,504,331,356,11,13,19
F,423,465,504,332,356,4,4,6
F,424,464,501,331,356,0,0,0
F,424,463,500,331,355,0,0,0
F,423,464,501,331,356,11,13,18
F,423,463,499,331,355,5,5,7
F,422,464,499,331,356,2,2,2
F,420,462,499,331,356,0,0,0
F,422,461,500,331,357,12,14,19
F,422,461,503,330,356,7,8,11
F,421,461,503,330,356,2,3,3
F,419,459,495,313,337,0,0,0
F,419,460,490,314,336,1,2,3
F,418,460,490,315,338,10,11,16
F,411,459,490,319,338,3,3,4
F,412,459,490,323,341,1,0,0
F,414,459,490,322,343,0,0,0
F,415,458,491,323,344,10,13,16
F,415,458,490,323,346,10,11,16
F,417,457,489,324,345,3,3,4
F,417,457,489,324,345,2,2,3
F,416,457,488,323,345,0,0,0
F,417,457,489,324,343,0,0,1
F,417,457,489,325,346,11,13,18
F,416,456,487,325,346,7,8,11
F,416,456,488,324,346,3,3,4
F,416,455,488,325,347,0,0,0
F,416,456,488,325,348,0,0,0
F,416,455,487,325,346,0,0,0
F,416,455,488,326,348,11,14,19
F,416,454,488,325,347,9,10,15
F,416,454,488,325,346,3,3,5
F,416,454,488,323,346,3,3,3
F,416,454,487,324,346,0,0,0
F,416,454,487,326,347,0,0,0
F,416,453,486,325,347,0,0,0
F,416,454,487,327,348,8,11,15
F,416,454,488,326,348,12,14,19
F,416,454,488,326,349,9,10,14
F,415,454,487,328,348,4,4,7
F,415,454,488,327,349,3,3,4
F,415,452,489,327,348,2,2,3
F,415,452,488,327,349,0,0,0
N,279,306,335,304,365,0,0,0
N,280,308,337,306,366,11,13,17
N,280,308,337,307,366,6,6,9
N,281,307,337,306,367,2,2,2
N,280,307,337,305,365,0,0,0
N,278,305,336,307,366,0,0,0
N,278,305,337,308,366,0,0,0
N,278,303,339,308,368,11,13,18
N,278,306,340,308,367,7,8,11
N,279,306,339,307,368,3,3,3
N,284,307,338,308,368,2,1,1
N,288,304,338,307,365,0,0,0
N,283,307,338,308,364,0,0,0
N,284,308,338,309,363,10,12,15
N,282,308,340,309,366,9,9,13
N,282,307,340,308,367,3,3,4
N,285,307,339,308,366,2,2,2
N,284,308,340,307,367,0,0,0
N,285,306,338,308,366,0,0,0
N,285,307,340,308,366,1,1,1
N,287,308,339,308,367,11,14,18
N,286,307,341,307,366,6,6,8
N,286,307,341,309,367,2,2,2
N,285,307,341,309,368,1,1,0
N,285,307,340,308,367,0,0,0
N,284,307,338,308,367,0,0,0
N,286,308,340,311,367,12,14,18
N,286,307,341,309,368,9,9,13
N,286,307,341,309,367,3,2,3
N,285,308,341,309,366,2,2,2
N,286,307,340,309,367,0,0,0
N,285,307,339,308,365,0,0,0
N,286,307,340,309,365,1,2,3
N,286,309,341,310,368,11,13,18
N,286,307,342,310,367,7,7,10
N,286,308,340,309,367,2,2,3
N,285,307,340,310,367,2,1,1
N,284,307,340,309,366,0,0,0
N,286,306,339,310,365,0,0,0
N,286,307,339,311,366,2,4,5
N,286,308,340,310,367,12,13,18
N,286,308,341,311,367,8,9,13
N,286,307,340,309,367,3,3,3
N,285,308,340,310,367,2,2,2
N,285,307,341,310,366,0,0,0
N,286,307,340,310,367,0,0,0
N,286,308,339,310,366,0,0,0
N,287,307,342,310,367,11,14,16
N,286,308,341,310,367,10,11,15
N,287,308,340,309,367,6,6,8
S,266,254,247,221,319,4,5,7
S,267,254,250,221,319,12,14,19
S,268,253,253,222,321,12,14,19
S,268,255,254,222,321,11,12,16
S,269,254,255,222,322,9,9,14
S,269,256,257,222,321,6,7,9
S,268,254,254,224,322,5,5,6
S,267,254,255,223,323,2,2,3
S,268,254,255,223,322,2,2,2
S,269,255,256,223,323,2,2,2
S,268,254,256,223,323,2,2,1
S,267,254,255,223,324,0,0,0
S,268,255,255,223,324,0,0,0
S,267,255,252,224,323,0,0,0
S,267,254,253,224,323,0,0,0
S,268,254,251,225,324,0,0,0
S,268,255,252,225,325,0,1,0
S,269,254,255,227,325,5,8,10
S,269,255,254,226,326,3,5,6
S,270,255,257,226,326,12,14,19
S,270,256,258,226,327,10,11,15
S,269,256,259,226,327,9,9,14
S,269,256,259,227,327,6,7,10
S,268,256,258,226,327,3,3,3
S,269,256,258,227,327,3,2,3
S,269,256,258,226,327,2,2,2
S,269,256,258,227,329,1,1,1
S,268,255,255,227,327,0,0,0
S,269,256,258,227,328,0,0,0
S,267,256,257,227,327,0,0,0
S,269,256,257,227,327,0,0,0
S,268,256,254,228,327,0,0,0
S,269,256,255,228,327,0,0,0
S,270,256,257,228,328,0,1,0
S,269,257,255,228,329,5,7,10
S,270,257,256,228,329,13,15,20
S,270,257,260,229,329,13,15,20
S,270,258,260,229,329,11,13,17
S,271,257,261,230,329,9,10,14
S,271,257,261,229,330,9,9,13
S,271,257,261,229,329,8,8,12
S,270,259,262,230,330,9,9,16
S,271,257,261,229,331,3,3,4
S,270,256,261,229,330,2,2,3
S,271,257,262,230,330,2,2,2
S,271,258,260,230,331,2,2,2
S,270,257,261,230,331,2,1,1
S,270,257,259,230,331,2,1,1
S,270,257,261,230,331,1,1,0
S,271,257,262,230,330,1,0,0
S,260,247,253,226,306,1,0,0
S,260,248,250,227,308,1,1,0
S,258,248,247,228,308,0,0,0
S,261,249,244,229,308,0,0,0
S,261,249,245,230,311,6,7,8
S,262,249,259,231,310,7,8,10
S,261,249,257,231,311,2,1,1
S,262,251,256,232,311,0,0,0
S,264,250,250,231,310,0,0,0
S,262,250,246,231,309,0,0,0
S,263,251,246,232,311,4,6,6
S,264,251,259,233,312,9,9,12
S,263,250,260,234,312,2,1,1
S,265,252,256,233,312,0,0,0
S,263,254,253,234,308,0,0,0
S,264,252,249,234,310,0,0,0
S,263,253,247,235,312,1,2,3
S,265,253,258,235,313,13,14,18
S,264,253,259,235,304,2,2,2
S,266,255,253,230,277,0,0,0
S,265,253,255,231,280,1,1,0
S,265,255,250,233,282,0,0,0
S,266,254,248,242,331,0,0,0
S,265,252,260,244,324,11,14,18
S,269,255,263,237,281,7,7,9
S,267,255,260,236,284,1,1,1
S,267,256,259,238,287,1,0,0
S,266,254,254,239,289,0,0,0
S,269,257,251,238,288,0,0,0
S,268,256,254,239,289,6,7,8
S,270,258,267,239,291,7,7,9
S,270,255,263,240,292,2,2,2
S,269,257,260,240,290,0,0,0
S,268,256,260,241,293,1,1,1
S,268,256,256,242,292,0,0,0
S,269,257,250,241,293,2,4,5
S,270,258,262,243,295,13,15,19
S,268,258,268,241,300,4,3,5
S,267,260,264,244,323,0,0,0
S,267,256,266,245,324,1,0,0
S,266,257,258,248,324,0,0,0
S,268,256,255,248,322,0,0,0
S,268,258,263,249,323,11,13,18
S,267,257,272,249,327,4,4,5
S,268,256,271,249,323,0,0,0
S,267,256,266,251,325,1,1,0
S,265,256,262,251,323,0,0,0
S,268,257,254,250,323,0,0,0
S,269,259,266,251,324,12,15,19
S,267,258,275,252,323,5,5,7
O,293,301,313,290,329,0,0,0
O,294,302,311,290,329,0,0,0
O,294,302,311,292,330,1,2,3
O,295,302,315,293,331,12,13,17
O,295,303,315,295,330,8,9,13
O,295,302,314,293,330,5,5,6
O,295,302,315,295,331,3,3,3
O,296,302,316,296,331,2,2,2
O,296,301,314,296,329,0,0,0
O,296,301,313,295,330,0,0,0
O,295,302,312,295,331,0,0,0
O,295,301,313,295,331,3,5,6
O,297,303,315,294,331,12,13,18
O,296,303,313,294,335,0,0,0
O,297,303,316,292,332,12,14,18
O,296,303,314,293,331,10,10,14
O,296,303,314,293,332,5,5,7
O,295,303,315,293,331,2,2,2
O,295,303,315,296,331,2,2,2
O,296,303,314,295,329,0,0,0
O,295,303,314,293,331,0,0,0
O,295,303,313,294,331,0,0,0
O,294,303,314,295,331,4,6,7
O,295,304,315,292,332,12,14,18
O,296,303,315,295,330,9,10,14
O,296,303,315,295,331,4,3,5
O,294,303,315,295,330,2,2,3
O,295,303,315,296,330,2,2,2
O,294,301,315,295,331,0,0,0
O,293,303,315,296,331,0,0,0
O,294,303,314,295,330,0,0,0
O,294,302,315,296,330,6,8,10
O,294,303,316,297,330,12,13,18
O,295,303,316,296,330,10,11,15
O,294,303,316,298,330,6,6,8
O,294,302,317,298,331,2,2,3
O,293,303,317,297,330,2,2,2
O,293,303,317,297,330,1,0,0
O,290,302,315,297,331,0,0,0
O,290,303,316,297,330,0,0,0
O,290,303,314,296,331,0,0,0
O,290,304,315,297,332,7,10,12
O,290,303,318,298,331,12,13,18
O,288,303,317,297,331,9,9,12
O,284,302,317,296,332,7,7,9
O,287,303,317,295,330,3,3,3
O,285,302,315,298,331,2,2,2
O,285,302,316,298,331,0,0,0
O,284,302,316,298,326,0,0,0
O,285,302,317,298,326,0,0,0
C,333,303,319,349,376,11,13,17
C,333,303,320,350,377,11,12,17
C,334,304,321,350,376,7,8,11
C,334,305,321,351,377,3,3,3
C,334,305,321,351,377,2,2,3
C,335,304,322,351,377,0,0,0
C,335,305,322,351,376,0,0,0
C,335,307,325,352,377,0,0,0
C,336,308,324,352,377,11,14,18
C,336,308,324,354,377,10,11,16
C,335,308,325,353,377,4,4,6
C,336,308,325,353,377,3,3,4
C,338,307,323,354,376,0,0,0
C,336,307,324,353,376,0,0,0
C,335,309,324,354,377,0,0,0
C,336,309,325,354,374,1,3,4
C,336,310,327,354,372,11,13,18
C,336,311,326,354,373,9,9,13
C,335,310,326,354,373,3,3,5
C,335,311,326,356,373,3,3,3
C,336,310,327,354,374,1,0,0
C,335,310,327,354,373,0,0,0
C,335,310,327,355,374,0,0,0
C,335,311,327,355,374,12,14,18
C,335,311,327,355,375,18,22,28
C,335,311,327,355,374,7,8,11
C,334,311,328,355,374,3,3,4
C,334,311,328,354,375,2,2,3
C,333,311,327,355,374,0,0,0
C,331,311,327,356,372,0,0,0
C,332,310,328,359,374,0,0,0
C,333,312,329,356,375,12,14,18
C,334,312,328,356,375,11,13,17
C,332,313,329,357,375,8,8,12
C,331,312,329,357,375,3,3,4
C,332,312,329,356,372,2,3,3
C,333,311,330,356,374,1,0,0
C,332,311,328,356,373,0,0,0
C,332,312,329,356,374,0,0,0
C,334,312,329,356,373,0,1,2
C,333,314,329,357,373,11,14,17
C,333,313,331,357,375,10,11,16
C,333,312,329,357,375,7,8,11
C,333,312,330,358,374,4,4,6
C,334,313,330,358,374,3,3,3
C,330,313,330,357,371,0,0,0
C,328,313,327,356,372,0,0,0
C,327,311,328,357,373,0,0,0
C,328,311,328,356,373,0,0,0
C,327,311,328,357,374,0,0,0
G,260,297,295,420,383,2,2,1
G,260,297,296,420,383,1,0,0
G,262,296,298,421,383,1,1,1
G,260,297,295,421,384,0,0,0
G,261,298,298,421,384,0,0,0
G,260,297,299,421,383,0,0,0
G,261,295,298,422,384,0,0,0
G,262,297,300,422,384,1,0,0
G,262,298,298,421,384,1,0,0
G,261,296,300,422,384,0,0,0
G,262,298,299,423,384,1,0,0
G,263,298,298,423,384,1,0,0
G,262,298,301,423,384,6,7,7
G,263,296,301,423,383,5,5,7
G,265,297,302,423,383,5,5,6
G,264,297,304,424,383,10,12,16
G,263,298,304,424,384,10,11,13
G,264,297,305,425,384,5,5,6
G,264,298,305,425,385,3,4,5
G,263,297,307,426,385,3,3,3
G,265,296,306,425,384,3,2,3
G,265,297,305,425,385,2,2,2
G,264,296,306,425,384,1,1,1
G,266,296,305,424,384,1,1,1
G,266,297,305,425,384,1,1,1
G,266,297,305,426,385,2,1,1
G,264,295,306,426,384,0,0,0
G,264,298,311,419,379,2,1,1
G,263,296,309,423,379,2,2,1
G,263,301,313,423,377,2,2,2
G,262,297,310,424,379,1,0,0
G,262,297,312,424,380,0,0,0
G,264,296,312,424,381,0,0,0
G,263,297,313,425,380,0,1,0
G,262,297,312,426,382,1,1,0
G,263,299,315,426,383,5,5,7
G,264,299,316,426,383,9,11,14
G,264,300,316,426,383,3,3,5
G,264,299,317,427,384,2,2,2
G,264,298,316,427,384,1,1,0
G,262,300,315,428,384,0,0,0
G,263,298,317,428,384,1,1,1
G,265,298,315,427,384,2,1,1
G,262,297,316,428,384,0,0,0
G,263,299,314,428,384,0,0,0
G,265,299,315,428,384,0,0,0
G,263,298,315,429,384,1,0,0
G,264,299,316,429,385,5,6,7
G,267,300,319,428,385,9,11,14
G,264,297,317,428,384,3,2,3
